<?xml version="1.0" encoding="UTF-8"?>
<project-private xmlns="http://www.netbeans.org/ns/project-private/1">
    <editor-bookmarks xmlns="http://www.netbeans.org/ns/editor-bookmarks/2" lastBookmarkId="0"/>
    <open-files xmlns="http://www.netbeans.org/ns/projectui-open-files/2">
        <group>
            <file>file:/C:/Users/MY-PC/Documents/NetBeansProjects/JavaApplication3/src/javaapplication3/DBClass3.java</file>
            <file>file:/C:/Users/MY-PC/Documents/NetBeansProjects/JavaApplication3/src/javaapplication3/DbPlaces.java</file>
            <file>file:/C:/Users/MY-PC/Documents/NetBeansProjects/JavaApplication3/src/javaapplication3/DBClass2.java</file>
            <file>file:/C:/Users/MY-PC/Documents/NetBeansProjects/JavaApplication3/src/javaapplication3/MenuLIst.java</file>
            <file>file:/C:/Users/MY-PC/Documents/NetBeansProjects/JavaApplication3/src/javaapplication3/DBClass1.java</file>
        </group>
    </open-files>
</project-private>
